MSTRG.100.1.p1	ref|XP_055888950.1|	6526	N/A	61.243	547	194	8	2	546	15	545	0.0	676	probable ATP-dependent RNA helicase DDX28 [Biomphalaria glabrata]
MSTRG.100.1.p1	ref|XP_005090807.1|	6500	N/A	55.659	539	228	4	12	546	25	556	0.0	605	probable ATP-dependent RNA helicase DDX28 [Aplysia californica]
MSTRG.100.1.p1	ref|XP_025105207.1|	400727	N/A	45.472	519	262	5	26	532	33	542	1.47e-161	474	LOW QUALITY PROTEIN: probable ATP-dependent RNA helicase DDX28 [Pomacea canaliculata]
MSTRG.100.1.p1	ref|XP_014779474.1|	37653	N/A	39.890	544	288	8	10	531	13	539	1.04e-139	417	probable ATP-dependent RNA helicase DDX28 isoform X1 [Octopus bimaculoides]
MSTRG.100.1.p1	ref|XP_022328823.2|	6565	N/A	40.748	535	291	9	5	531	6	522	6.94e-137	410	putative ATP-dependent RNA helicase DDX28 [Crassostrea virginica]
MSTRG.100.1.p1	ref|XP_021367944.1|	6573	N/A	40.112	536	295	8	12	531	15	540	2.04e-135	407	probable ATP-dependent RNA helicase DDX28 isoform X2 [Mizuhopecten yessoensis]
MSTRG.100.1.p1	ref|XP_021367943.1|	6573	N/A	40.112	536	295	8	12	531	29	554	2.59e-135	407	probable ATP-dependent RNA helicase DDX28 isoform X1 [Mizuhopecten yessoensis]
MSTRG.100.1.p1	ref|XP_065943597.1|	29159	N/A	42.300	513	273	8	26	531	26	522	2.18e-132	398	probable ATP-dependent RNA helicase DDX28 [Magallana gigas]
MSTRG.100.1.p1	ref|XP_052827848.1|	37653	N/A	36.287	474	263	8	10	461	13	469	1.56e-102	320	probable ATP-dependent RNA helicase DDX28 isoform X2 [Octopus bimaculoides]
MSTRG.100.1.p1	ref|XP_009065747.1|	225164	N/A	42.051	390	214	4	147	532	2	383	8.73e-96	300	hypothetical protein LOTGIDRAFT_133165, partial [Lottia gigantea]
MSTRG.100.1.p1	ref|XP_021370695.1|	6573	N/A	30.769	390	244	7	120	507	321	686	6.79e-53	195	probable ATP-dependent RNA helicase DDX4 isoform X4 [Mizuhopecten yessoensis]
MSTRG.100.1.p1	ref|XP_021370694.1|	6573	N/A	30.769	390	244	7	120	507	340	705	8.71e-53	195	probable ATP-dependent RNA helicase DDX4 isoform X3 [Mizuhopecten yessoensis]
MSTRG.100.1.p1	ref|XP_021370692.1|	6573	N/A	30.769	390	244	7	120	507	346	711	1.10e-52	194	probable ATP-dependent RNA helicase DDX4 isoform X1 [Mizuhopecten yessoensis]
MSTRG.100.1.p1	ref|XP_021370693.1|	6573	N/A	30.769	390	244	7	120	507	344	709	1.12e-52	194	probable ATP-dependent RNA helicase DDX4 isoform X2 [Mizuhopecten yessoensis]
MSTRG.100.1.p1	ref|XP_055886538.1|	6526	N/A	28.718	390	252	6	120	507	348	713	1.52e-48	182	ATP-dependent RNA helicase DDX4-like isoform X2 [Biomphalaria glabrata]
MSTRG.100.1.p1	ref|XP_055886537.1|	6526	N/A	28.718	390	252	6	120	507	373	738	2.83e-48	182	ATP-dependent RNA helicase DDX4-like isoform X1 [Biomphalaria glabrata]
MSTRG.100.1.p1	ref|XP_025077568.1|	400727	N/A	30.481	374	234	7	136	507	282	631	2.25e-47	179	probable ATP-dependent RNA helicase DDX4 [Pomacea canaliculata]
MSTRG.100.1.p1	ref|XP_009058354.1|	225164	N/A	31.877	389	227	7	120	500	171	529	3.86e-46	174	hypothetical protein LOTGIDRAFT_163615 [Lottia gigantea]
MSTRG.100.1.p1	ref|XP_065945385.1|	29159	N/A	29.231	390	250	7	120	507	311	676	5.28e-46	175	probable ATP-dependent RNA helicase DDX4 isoform X3 [Magallana gigas]
MSTRG.100.1.p1	ref|XP_022319867.2|	6565	N/A	31.188	404	245	8	144	544	320	693	5.86e-46	175	putative ATP-dependent RNA helicase DDX43 [Crassostrea virginica]
MSTRG.10000.1.p1	ref|XP_005100621.2|	6500	N/A	29.018	224	141	6	57	267	1709	1927	8.02e-16	80.5	uncharacterized protein LOC101858501 [Aplysia californica]
MSTRG.10002.1.p1	ref|XP_055893228.1|	6526	N/A	74.813	667	165	1	22	688	20	683	0.0	1030	galactocerebrosidase-like [Biomphalaria glabrata]
MSTRG.10002.1.p1	ref|XP_005092190.1|	6500	N/A	69.611	668	195	3	22	687	26	687	0.0	952	galactocerebrosidase [Aplysia californica]
MSTRG.10002.1.p1	ref|XP_025093998.1|	400727	N/A	55.237	697	299	6	1	687	50	743	0.0	795	galactocerebrosidase-like isoform X1 [Pomacea canaliculata]
MSTRG.10002.1.p1	ref|XP_025094000.1|	400727	N/A	55.636	692	292	5	9	687	8	697	0.0	783	galactocerebrosidase-like isoform X3 [Pomacea canaliculata]
MSTRG.10002.1.p1	ref|XP_025093999.1|	400727	N/A	55.603	696	295	7	1	687	50	740	0.0	779	galactocerebrosidase-like isoform X2 [Pomacea canaliculata]
MSTRG.10002.1.p1	ref|XP_065926316.1|	29159	N/A	53.644	686	312	5	7	688	7	690	0.0	755	galactocerebrosidase isoform X1 [Magallana gigas]
MSTRG.10002.1.p1	ref|XP_025079601.1|	400727	N/A	58.476	643	260	6	22	660	11	650	0.0	751	galactocerebrosidase-like [Pomacea canaliculata]
MSTRG.10002.1.p1	ref|XP_065926317.1|	29159	N/A	53.790	686	310	5	7	688	7	689	0.0	749	galactocerebrosidase isoform X2 [Magallana gigas]
MSTRG.10002.1.p1	ref|XP_021369106.1|	6573	N/A	55.319	658	292	2	11	668	12	667	0.0	742	galactocerebrosidase-like isoform X1 [Mizuhopecten yessoensis]
MSTRG.10002.1.p1	ref|XP_022338081.2|	6565	N/A	53.858	674	303	6	1	668	1	672	0.0	734	galactocerebrosidase-like isoform X1 [Crassostrea virginica]
MSTRG.10002.1.p1	ref|XP_021369107.1|	6573	N/A	55.083	659	291	4	11	668	12	666	0.0	731	galactocerebrosidase-like isoform X2 [Mizuhopecten yessoensis]
MSTRG.10002.1.p1	ref|XP_022338083.2|	6565	N/A	54.006	674	301	6	1	668	1	671	0.0	727	galactocerebrosidase-like isoform X2 [Crassostrea virginica]
MSTRG.10002.1.p1	ref|XP_005089503.1|	6500	N/A	54.191	692	305	7	3	687	4	690	0.0	704	galactocerebrosidase isoform X1 [Aplysia californica]
MSTRG.10002.1.p1	ref|XP_012936313.2|	6500	N/A	52.017	694	310	10	3	687	2	681	0.0	700	galactocerebrosidase-like [Aplysia californica]
MSTRG.10002.1.p1	ref|XP_055894492.1|	6526	N/A	54.799	646	285	5	25	670	69	707	0.0	699	galactocerebrosidase-like [Biomphalaria glabrata]
MSTRG.10002.1.p1	ref|XP_012942715.1|	6500	N/A	53.088	680	306	7	11	690	21	687	0.0	697	galactocerebrosidase [Aplysia californica]
MSTRG.10002.1.p1	ref|XP_014781232.1|	37653	N/A	53.731	670	302	6	2	666	11	677	0.0	697	galactocerebrosidase [Octopus bimaculoides]
MSTRG.10002.1.p1	ref|XP_005089504.1|	6500	N/A	52.890	692	308	9	3	687	4	684	0.0	696	galactocerebrosidase isoform X2 [Aplysia californica]
MSTRG.10002.1.p1	ref|XP_005089505.1|	6500	N/A	52.601	692	310	9	3	687	4	684	0.0	689	galactocerebrosidase [Aplysia californica]
MSTRG.10002.1.p1	ref|XP_009059586.1|	225164	N/A	57.804	583	243	3	13	594	18	598	0.0	687	hypothetical protein LOTGIDRAFT_218637 [Lottia gigantea]
MSTRG.10002.2.p2	ref|XP_055893228.1|	6526	N/A	79.061	277	57	1	22	298	20	295	1.34e-159	464	galactocerebrosidase-like [Biomphalaria glabrata]
MSTRG.10002.2.p2	ref|XP_005092190.1|	6500	N/A	68.592	277	84	2	22	298	26	299	2.36e-132	395	galactocerebrosidase [Aplysia californica]
MSTRG.10002.2.p2	ref|XP_025079601.1|	400727	N/A	68.145	248	78	1	22	268	11	258	6.37e-117	355	galactocerebrosidase-like [Pomacea canaliculata]
MSTRG.10002.2.p2	ref|XP_065926318.1|	29159	N/A	65.152	264	90	1	7	268	7	270	1.96e-115	347	galactocerebrosidase isoform X3 [Magallana gigas]
MSTRG.10002.2.p2	ref|XP_025093998.1|	400727	N/A	66.000	250	84	1	19	268	69	317	4.95e-115	352	galactocerebrosidase-like isoform X1 [Pomacea canaliculata]
MSTRG.10002.2.p2	ref|XP_025093999.1|	400727	N/A	66.000	250	84	1	19	268	69	317	1.19e-114	351	galactocerebrosidase-like isoform X2 [Pomacea canaliculata]
MSTRG.10002.2.p2	ref|XP_065926316.1|	29159	N/A	65.152	264	90	1	7	268	7	270	2.75e-114	349	galactocerebrosidase isoform X1 [Magallana gigas]
MSTRG.10002.2.p2	ref|XP_065926317.1|	29159	N/A	65.152	264	90	1	7	268	7	270	5.87e-114	348	galactocerebrosidase isoform X2 [Magallana gigas]
MSTRG.10002.2.p2	ref|XP_012936313.2|	6500	N/A	61.423	267	101	2	3	268	2	267	9.22e-113	344	galactocerebrosidase-like [Aplysia californica]
MSTRG.10002.2.p2	ref|XP_025094000.1|	400727	N/A	63.636	264	92	1	9	268	8	271	4.32e-111	341	galactocerebrosidase-like isoform X3 [Pomacea canaliculata]
MSTRG.10002.2.p2	ref|XP_022338081.2|	6565	N/A	61.029	272	102	2	1	268	1	272	1.40e-107	332	galactocerebrosidase-like isoform X1 [Crassostrea virginica]
MSTRG.10002.2.p2	ref|XP_005089504.1|	6500	N/A	61.423	267	102	1	3	268	4	270	1.72e-107	331	galactocerebrosidase isoform X2 [Aplysia californica]
MSTRG.10002.2.p2	ref|XP_005089503.1|	6500	N/A	61.423	267	102	1	3	268	4	270	2.33e-107	331	galactocerebrosidase isoform X1 [Aplysia californica]
MSTRG.10002.2.p2	ref|XP_022338083.2|	6565	N/A	61.029	272	102	2	1	268	1	272	2.39e-107	331	galactocerebrosidase-like isoform X2 [Crassostrea virginica]
MSTRG.10002.2.p2	ref|XP_009059586.1|	225164	N/A	63.281	256	94	0	13	268	18	273	3.46e-107	328	hypothetical protein LOTGIDRAFT_218637 [Lottia gigantea]
MSTRG.10002.2.p2	ref|XP_005089505.1|	6500	N/A	61.423	267	102	1	3	268	4	270	8.08e-107	329	galactocerebrosidase [Aplysia californica]
MSTRG.10002.2.p2	ref|XP_021369106.1|	6573	N/A	62.403	258	97	0	11	268	12	269	4.81e-104	322	galactocerebrosidase-like isoform X1 [Mizuhopecten yessoensis]
MSTRG.10002.2.p2	ref|XP_021369107.1|	6573	N/A	62.403	258	97	0	11	268	12	269	6.61e-104	321	galactocerebrosidase-like isoform X2 [Mizuhopecten yessoensis]
MSTRG.10002.2.p2	ref|XP_014781232.1|	37653	N/A	60.000	270	105	1	2	268	11	280	2.35e-103	320	galactocerebrosidase [Octopus bimaculoides]
MSTRG.10002.2.p2	ref|XP_009063097.1|	225164	N/A	60.150	266	99	4	18	279	18	280	1.04e-101	316	hypothetical protein LOTGIDRAFT_195251 [Lottia gigantea]
MSTRG.10002.2.p1	ref|XP_055893228.1|	6526	N/A	66.995	406	131	1	30	435	280	682	0.0	546	galactocerebrosidase-like [Biomphalaria glabrata]
MSTRG.10002.2.p1	ref|XP_005092190.1|	6500	N/A	65.931	408	133	2	30	435	284	687	0.0	543	galactocerebrosidase [Aplysia californica]
MSTRG.10002.2.p1	ref|XP_025094000.1|	400727	N/A	49.292	424	204	4	21	435	276	697	5.98e-143	427	galactocerebrosidase-like isoform X3 [Pomacea canaliculata]
MSTRG.10002.2.p1	ref|XP_025093998.1|	400727	N/A	49.292	424	204	4	21	435	322	743	3.06e-142	427	galactocerebrosidase-like isoform X1 [Pomacea canaliculata]
MSTRG.10002.2.p1	ref|XP_025093999.1|	400727	N/A	49.882	423	200	5	21	435	322	740	1.70e-136	412	galactocerebrosidase-like isoform X2 [Pomacea canaliculata]
MSTRG.10002.2.p1	ref|XP_021369106.1|	6573	N/A	49.871	387	192	2	30	416	283	667	1.12e-132	399	galactocerebrosidase-like isoform X1 [Mizuhopecten yessoensis]
MSTRG.10002.2.p1	ref|XP_021369107.1|	6573	N/A	49.485	388	191	4	30	416	283	666	3.89e-128	388	galactocerebrosidase-like isoform X2 [Mizuhopecten yessoensis]
MSTRG.10002.2.p1	ref|XP_065926316.1|	29159	N/A	45.477	409	219	4	30	436	284	690	1.11e-127	388	galactocerebrosidase isoform X1 [Magallana gigas]
MSTRG.10002.2.p1	ref|XP_065926317.1|	29159	N/A	45.721	409	217	4	30	436	284	689	1.94e-125	382	galactocerebrosidase isoform X2 [Magallana gigas]
MSTRG.10002.2.p1	ref|XP_022338081.2|	6565	N/A	47.558	389	200	4	30	416	286	672	6.40e-125	380	galactocerebrosidase-like isoform X1 [Crassostrea virginica]
MSTRG.10002.2.p1	ref|XP_025079601.1|	400727	N/A	51.309	382	180	5	30	408	272	650	3.39e-124	378	galactocerebrosidase-like [Pomacea canaliculata]
MSTRG.10002.2.p1	ref|XP_022338083.2|	6565	N/A	47.815	389	198	4	30	416	286	671	1.90e-122	374	galactocerebrosidase-like isoform X2 [Crassostrea virginica]
MSTRG.10002.2.p1	ref|XP_012942715.1|	6500	N/A	47.677	409	201	7	30	438	292	687	3.89e-120	368	galactocerebrosidase [Aplysia californica]
MSTRG.10002.2.p1	ref|XP_055894492.1|	6526	N/A	47.815	389	196	5	30	418	326	707	1.02e-119	368	galactocerebrosidase-like [Biomphalaria glabrata]
MSTRG.10002.2.p1	ref|XP_014781232.1|	37653	N/A	48.454	388	195	5	29	414	293	677	7.26e-117	359	galactocerebrosidase [Octopus bimaculoides]
MSTRG.10002.2.p1	ref|XP_005089503.1|	6500	N/A	48.544	412	201	6	30	435	284	690	1.34e-114	353	galactocerebrosidase isoform X1 [Aplysia californica]
MSTRG.10002.2.p1	ref|XP_055894841.1|	6526	N/A	45.220	387	205	5	30	415	309	689	1.77e-112	348	galactocerebrosidase-like isoform X1 [Biomphalaria glabrata]
MSTRG.10002.2.p1	ref|XP_005089504.1|	6500	N/A	46.359	412	204	8	30	435	284	684	6.33e-112	347	galactocerebrosidase isoform X2 [Aplysia californica]
MSTRG.10002.2.p1	ref|XP_009059586.1|	225164	N/A	52.229	314	147	3	30	342	287	598	3.63e-111	342	hypothetical protein LOTGIDRAFT_218637 [Lottia gigantea]
MSTRG.10002.2.p1	ref|XP_005089505.1|	6500	N/A	45.874	412	206	8	30	435	284	684	1.07e-109	341	galactocerebrosidase [Aplysia californica]
MSTRG.10003.1.p1	ref|XP_013077806.2|	6526	N/A	78.981	157	32	1	4	159	36	192	6.82e-91	265	BCL2/adenovirus E1B 19 kDa protein-interacting protein 3-like [Biomphalaria glabrata]
MSTRG.10003.1.p1	ref|XP_005091816.1|	6500	N/A	76.582	158	36	1	2	159	35	191	4.36e-74	222	BCL2/adenovirus E1B 19 kDa protein-interacting protein 3 [Aplysia californica]
MSTRG.10003.1.p1	ref|XP_025094523.1|	400727	N/A	65.306	147	49	2	13	159	39	183	1.71e-60	187	BCL2/adenovirus E1B 19 kDa protein-interacting protein 3-like [Pomacea canaliculata]
MSTRG.10003.1.p1	ref|XP_009054618.1|	225164	N/A	59.006	161	58	3	4	159	26	183	2.77e-59	184	hypothetical protein LOTGIDRAFT_205439 [Lottia gigantea]
MSTRG.10003.1.p1	ref|XP_021364080.1|	6573	N/A	52.318	151	65	4	9	159	31	174	7.81e-45	147	BCL2/adenovirus E1B 19 kDa protein-interacting protein 3-like [Mizuhopecten yessoensis]
MSTRG.10003.1.p1	ref|XP_052832155.1|	37653	N/A	50.000	148	66	5	13	159	37	177	2.81e-39	134	BCL2/adenovirus E1B 19 kDa protein-interacting protein 3-like [Octopus bimaculoides]
MSTRG.10003.1.p1	ref|XP_022339578.1|	6565	N/A	50.758	132	51	5	15	146	35	152	3.21e-32	115	BCL2/adenovirus E1B 19 kDa protein-interacting protein 3-like [Crassostrea virginica]
MSTRG.10003.1.p1	ref|XP_011445562.1|	29159;2784310	N/A;N/A	49.242	132	53	4	15	146	35	152	3.86e-32	115	BCL2/adenovirus E1B 19 kDa protein-interacting protein 3 [Magallana gigas]
MSTRG.10007.1.p1	ref|XP_055892484.1|	6526	N/A	67.347	147	44	2	2	148	328	470	1.87e-57	188	E3 ubiquitin-protein ligase E3D-like [Biomphalaria glabrata]
MSTRG.10007.1.p1	ref|XP_005089038.1|	6500	N/A	57.931	145	51	2	2	146	312	446	1.06e-43	152	E3 ubiquitin-protein ligase E3D [Aplysia californica]
MSTRG.10007.1.p1	ref|XP_025096312.1|	400727	N/A	45.270	148	60	4	2	147	326	454	1.03e-32	123	E3 ubiquitin-protein ligase E3D-like [Pomacea canaliculata]
MSTRG.10007.1.p1	ref|XP_021366394.1|	6573	N/A	36.054	147	68	4	1	147	282	402	5.63e-20	87.8	E3 ubiquitin-protein ligase E3D-like [Mizuhopecten yessoensis]
MSTRG.10007.1.p1	ref|XP_009047561.1|	225164	N/A	42.568	148	56	6	1	147	272	391	2.09e-16	77.8	hypothetical protein LOTGIDRAFT_205133 [Lottia gigantea]
MSTRG.10007.1.p1	ref|XP_011452503.3|	29159	N/A	31.293	147	70	7	1	147	287	402	4.45e-12	65.5	E3 ubiquitin-protein ligase E3D [Magallana gigas]
MSTRG.10007.1.p1	ref|XP_078338122.1|	6565	N/A	27.211	147	74	5	1	147	217	330	5.62e-10	59.3	E3 ubiquitin-protein ligase E3D-like isoform X2 [Crassostrea virginica]
MSTRG.10007.1.p1	ref|XP_022344401.2|	6565	N/A	27.211	147	74	5	1	147	283	396	7.44e-10	59.3	E3 ubiquitin-protein ligase E3D-like isoform X1 [Crassostrea virginica]
MSTRG.10007.2.p1	ref|XP_055892484.1|	6526	N/A	67.347	147	44	2	2	148	328	470	1.87e-57	188	E3 ubiquitin-protein ligase E3D-like [Biomphalaria glabrata]
MSTRG.10007.2.p1	ref|XP_005089038.1|	6500	N/A	57.931	145	51	2	2	146	312	446	1.06e-43	152	E3 ubiquitin-protein ligase E3D [Aplysia californica]
MSTRG.10007.2.p1	ref|XP_025096312.1|	400727	N/A	45.270	148	60	4	2	147	326	454	1.03e-32	123	E3 ubiquitin-protein ligase E3D-like [Pomacea canaliculata]
MSTRG.10007.2.p1	ref|XP_021366394.1|	6573	N/A	36.054	147	68	4	1	147	282	402	5.63e-20	87.8	E3 ubiquitin-protein ligase E3D-like [Mizuhopecten yessoensis]
MSTRG.10007.2.p1	ref|XP_009047561.1|	225164	N/A	42.568	148	56	6	1	147	272	391	2.09e-16	77.8	hypothetical protein LOTGIDRAFT_205133 [Lottia gigantea]
MSTRG.10007.2.p1	ref|XP_011452503.3|	29159	N/A	31.293	147	70	7	1	147	287	402	4.45e-12	65.5	E3 ubiquitin-protein ligase E3D [Magallana gigas]
MSTRG.10007.2.p1	ref|XP_078338122.1|	6565	N/A	27.211	147	74	5	1	147	217	330	5.62e-10	59.3	E3 ubiquitin-protein ligase E3D-like isoform X2 [Crassostrea virginica]
MSTRG.10007.2.p1	ref|XP_022344401.2|	6565	N/A	27.211	147	74	5	1	147	283	396	7.44e-10	59.3	E3 ubiquitin-protein ligase E3D-like isoform X1 [Crassostrea virginica]
MSTRG.10007.2.p2	ref|XP_055892484.1|	6526	N/A	59.804	102	39	1	2	103	48	147	2.13e-34	125	E3 ubiquitin-protein ligase E3D-like [Biomphalaria glabrata]
MSTRG.10007.2.p2	ref|XP_005089038.1|	6500	N/A	50.000	84	41	1	20	103	56	138	1.38e-20	87.8	E3 ubiquitin-protein ligase E3D [Aplysia californica]
MSTRG.10007.2.p2	ref|XP_022344401.2|	6565	N/A	28.431	102	64	2	2	103	43	135	4.30e-07	49.3	E3 ubiquitin-protein ligase E3D-like isoform X1 [Crassostrea virginica]
MSTRG.10007.2.p2	ref|XP_011452503.3|	29159	N/A	26.733	101	63	3	4	103	45	135	7.14e-07	48.9	E3 ubiquitin-protein ligase E3D [Magallana gigas]
MSTRG.10007.2.p2	ref|XP_025096312.1|	400727	N/A	32.258	62	40	1	2	63	46	105	1.67e-04	42.0	E3 ubiquitin-protein ligase E3D-like [Pomacea canaliculata]
MSTRG.10007.3.p1	ref|XP_055892484.1|	6526	N/A	67.599	429	133	3	2	430	48	470	0.0	597	E3 ubiquitin-protein ligase E3D-like [Biomphalaria glabrata]
MSTRG.10007.3.p1	ref|XP_005089038.1|	6500	N/A	51.463	410	179	6	20	428	56	446	9.76e-126	374	E3 ubiquitin-protein ligase E3D [Aplysia californica]
MSTRG.10007.3.p1	ref|XP_025096312.1|	400727	N/A	38.652	445	220	15	2	429	46	454	2.11e-78	253	E3 ubiquitin-protein ligase E3D-like [Pomacea canaliculata]
MSTRG.10007.3.p1	ref|XP_009047561.1|	225164	N/A	35.731	431	203	14	1	429	33	391	2.75e-64	214	hypothetical protein LOTGIDRAFT_205133 [Lottia gigantea]
MSTRG.10007.3.p1	ref|XP_021366394.1|	6573	N/A	31.542	428	222	11	2	429	46	402	1.43e-62	210	E3 ubiquitin-protein ligase E3D-like [Mizuhopecten yessoensis]
MSTRG.10007.3.p1	ref|XP_011452503.3|	29159	N/A	30.162	431	223	14	4	429	45	402	2.78e-57	196	E3 ubiquitin-protein ligase E3D [Magallana gigas]
MSTRG.10007.3.p1	ref|XP_022344401.2|	6565	N/A	29.263	434	221	15	2	429	43	396	1.51e-52	184	E3 ubiquitin-protein ligase E3D-like isoform X1 [Crassostrea virginica]
MSTRG.10007.3.p1	ref|XP_078338122.1|	6565	N/A	28.571	413	201	14	27	429	2	330	1.18e-47	169	E3 ubiquitin-protein ligase E3D-like isoform X2 [Crassostrea virginica]
MSTRG.10007.3.p1	ref|XP_014770243.1|	37653	N/A	28.311	438	253	12	1	429	66	451	1.97e-38	147	E3 ubiquitin-protein ligase E3D [Octopus bimaculoides]
MSTRG.10007.4.p1	ref|XP_055892484.1|	6526	N/A	67.347	147	44	2	2	148	328	470	1.87e-57	188	E3 ubiquitin-protein ligase E3D-like [Biomphalaria glabrata]
MSTRG.10007.4.p1	ref|XP_005089038.1|	6500	N/A	57.931	145	51	2	2	146	312	446	1.06e-43	152	E3 ubiquitin-protein ligase E3D [Aplysia californica]
MSTRG.10007.4.p1	ref|XP_025096312.1|	400727	N/A	45.270	148	60	4	2	147	326	454	1.03e-32	123	E3 ubiquitin-protein ligase E3D-like [Pomacea canaliculata]
MSTRG.10007.4.p1	ref|XP_021366394.1|	6573	N/A	36.054	147	68	4	1	147	282	402	5.63e-20	87.8	E3 ubiquitin-protein ligase E3D-like [Mizuhopecten yessoensis]
MSTRG.10007.4.p1	ref|XP_009047561.1|	225164	N/A	42.568	148	56	6	1	147	272	391	2.09e-16	77.8	hypothetical protein LOTGIDRAFT_205133 [Lottia gigantea]
MSTRG.10007.4.p1	ref|XP_011452503.3|	29159	N/A	31.293	147	70	7	1	147	287	402	4.45e-12	65.5	E3 ubiquitin-protein ligase E3D [Magallana gigas]
MSTRG.10007.4.p1	ref|XP_078338122.1|	6565	N/A	27.211	147	74	5	1	147	217	330	5.62e-10	59.3	E3 ubiquitin-protein ligase E3D-like isoform X2 [Crassostrea virginica]
MSTRG.10007.4.p1	ref|XP_022344401.2|	6565	N/A	27.211	147	74	5	1	147	283	396	7.44e-10	59.3	E3 ubiquitin-protein ligase E3D-like isoform X1 [Crassostrea virginica]
MSTRG.10009.1.p1	ref|XP_055892559.1|	6526	N/A	78.571	532	109	2	33	561	1	530	0.0	843	uncharacterized protein LOC106072168 [Biomphalaria glabrata]
MSTRG.10009.1.p1	ref|XP_005091119.1|	6500	N/A	70.709	536	152	3	30	561	22	556	0.0	776	uncharacterized protein LOC101855924 [Aplysia californica]
MSTRG.10009.1.p1	ref|XP_025095631.1|	400727	N/A	58.217	572	195	5	33	560	1	572	0.0	666	uncharacterized protein LOC112564776 isoform X3 [Pomacea canaliculata]
MSTRG.10009.1.p1	ref|XP_025095630.1|	400727	N/A	58.217	572	195	5	33	560	4	575	0.0	665	uncharacterized protein LOC112564776 isoform X2 [Pomacea canaliculata]
MSTRG.10009.1.p1	ref|XP_025095629.1|	400727	N/A	58.217	572	195	5	33	560	29	600	0.0	664	uncharacterized protein LOC112564776 isoform X1 [Pomacea canaliculata]
MSTRG.10009.1.p1	ref|XP_021355579.1|	6573	N/A	57.495	487	192	3	74	560	53	524	0.0	593	uncharacterized protein LOC110451738 [Mizuhopecten yessoensis]
MSTRG.10009.1.p1	ref|XP_011422002.3|	29159	N/A	54.207	511	220	6	58	561	11	514	0.0	575	uncharacterized protein [Magallana gigas]
MSTRG.10009.1.p1	ref|XP_022344375.2|	6565	N/A	55.967	486	204	4	83	561	44	526	0.0	558	uncharacterized protein LOC111137272 isoform X1 [Crassostrea virginica]
MSTRG.10009.1.p1	ref|XP_022344376.2|	6565	N/A	55.967	486	204	4	83	561	43	525	0.0	557	uncharacterized protein LOC111137272 isoform X2 [Crassostrea virginica]
MSTRG.10009.1.p1	ref|XP_009048900.1|	225164	N/A	77.000	100	23	0	462	561	1	100	1.90e-49	170	hypothetical protein LOTGIDRAFT_225839 [Lottia gigantea]
MSTRG.10009.1.p1	ref|XP_009064274.1|	225164	N/A	68.750	96	30	0	92	187	14	109	7.00e-44	155	hypothetical protein LOTGIDRAFT_131082, partial [Lottia gigantea]
MSTRG.10009.1.p1	ref|XP_014772144.1|	37653	N/A	77.000	100	22	1	462	560	1	100	1.66e-43	155	BTB/POZ domain-containing protein KCTD7 [Octopus bimaculoides]
MSTRG.10009.1.p1	ref|XP_021359387.1|	6573	N/A	45.161	186	96	2	381	560	172	357	1.58e-40	154	uncharacterized protein LOC110454283 [Mizuhopecten yessoensis]
MSTRG.10009.1.p1	ref|XP_013076763.1|	6526	N/A	45.402	174	91	1	387	560	227	396	1.60e-40	155	uncharacterized protein LOC106062997 isoform X2 [Biomphalaria glabrata]
MSTRG.10009.1.p1	ref|XP_013076762.1|	6526	N/A	45.143	175	92	1	387	561	255	425	1.76e-40	155	uncharacterized protein LOC106062997 isoform X1 [Biomphalaria glabrata]
MSTRG.10009.1.p1	ref|XP_012944080.1|	6500	N/A	41.204	216	122	2	346	560	220	431	2.26e-39	152	uncharacterized protein LOC101850038 isoform X1 [Aplysia californica]
MSTRG.10009.1.p1	ref|XP_005109484.1|	6500	N/A	41.204	216	122	2	346	560	211	422	2.36e-39	152	uncharacterized protein LOC101850038 isoform X2 [Aplysia californica]
MSTRG.10009.1.p1	ref|XP_012944081.1|	6500	N/A	41.204	216	122	2	346	560	194	405	4.52e-39	151	uncharacterized protein LOC101850038 isoform X3 [Aplysia californica]
MSTRG.10009.1.p1	ref|XP_022292020.2|	6565	N/A	44.156	231	95	8	351	560	141	358	5.40e-37	144	uncharacterized protein LOC111103225 [Crassostrea virginica]
MSTRG.10009.1.p1	ref|XP_025097020.1|	400727	N/A	45.699	186	95	2	381	560	233	418	2.78e-35	141	uncharacterized protein LOC112565650 isoform X3 [Pomacea canaliculata]
MSTRG.1001.1.p1	ref|XP_055861801.1|	6526	N/A	82.182	275	49	0	2	276	58	332	1.56e-159	454	vacuole membrane protein 1-like isoform X2 [Biomphalaria glabrata]
MSTRG.1001.1.p1	ref|XP_055861802.1|	6526	N/A	81.004	279	49	1	2	276	21	299	3.76e-157	447	vacuole membrane protein 1-like isoform X3 [Biomphalaria glabrata]
MSTRG.1001.1.p1	ref|XP_055861800.1|	6526	N/A	81.004	279	49	1	2	276	58	336	4.74e-157	448	vacuole membrane protein 1-like isoform X1 [Biomphalaria glabrata]
MSTRG.1001.1.p1	ref|XP_055861803.1|	6526	N/A	80.935	278	49	1	3	276	1	278	1.97e-156	445	vacuole membrane protein 1-like isoform X4 [Biomphalaria glabrata]
MSTRG.1001.1.p1	ref|XP_035828311.1|	6500	N/A	82.609	253	44	0	24	276	124	376	5.48e-133	389	vacuole membrane protein 1 isoform X2 [Aplysia californica]
MSTRG.1001.1.p1	ref|XP_012943549.1|	6500	N/A	81.323	257	44	1	24	276	33	289	2.45e-131	381	vacuole membrane protein 1 isoform X3 [Aplysia californica]
MSTRG.1001.1.p1	ref|XP_035828310.1|	6500	N/A	81.323	257	44	1	24	276	124	380	7.44e-131	383	vacuole membrane protein 1 isoform X1 [Aplysia californica]
MSTRG.1001.1.p1	ref|XP_022341778.2|	6565	N/A	65.019	263	91	1	15	276	5	267	1.06e-121	356	vacuole membrane protein 1-like [Crassostrea virginica]
MSTRG.1001.1.p1	ref|XP_065935187.1|	29159	N/A	64.773	264	90	2	16	276	4	267	2.79e-121	355	vacuole membrane protein 1 [Magallana gigas]
MSTRG.1001.1.p1	ref|XP_025090243.1|	400727	N/A	68.561	264	78	4	17	276	3	265	2.94e-121	355	vacuole membrane protein 1-like isoform X2 [Pomacea canaliculata]
MSTRG.1001.1.p1	ref|XP_025090242.1|	400727	N/A	68.561	264	78	4	17	276	52	314	1.32e-120	355	vacuole membrane protein 1-like isoform X1 [Pomacea canaliculata]
MSTRG.1001.1.p1	ref|XP_009046911.1|	225164	N/A	68.487	238	74	1	39	276	1	237	8.51e-114	335	hypothetical protein LOTGIDRAFT_172080 [Lottia gigantea]
MSTRG.1001.1.p1	ref|XP_021364954.1|	6573	N/A	63.197	269	91	4	14	276	8	274	7.83e-108	321	vacuole membrane protein 1-like [Mizuhopecten yessoensis]
MSTRG.1001.1.p1	ref|XP_014791133.1|	37653	N/A	54.982	271	116	2	6	276	26	290	8.66e-92	280	vacuole membrane protein 1 isoform X2 [Octopus bimaculoides]
MSTRG.1001.1.p1	ref|XP_014791134.1|	37653	N/A	54.982	271	116	2	6	276	19	283	8.76e-92	280	vacuole membrane protein 1 isoform X3 [Octopus bimaculoides]
MSTRG.1001.1.p1	ref|XP_014791132.1|	37653	N/A	54.982	271	116	2	6	276	35	299	1.15e-91	280	vacuole membrane protein 1 isoform X1 [Octopus bimaculoides]
MSTRG.1001.2.p1	ref|XP_055861801.1|	6526	N/A	79.217	332	67	1	1	330	1	332	0.0	524	vacuole membrane protein 1-like isoform X2 [Biomphalaria glabrata]
MSTRG.1001.2.p1	ref|XP_055861800.1|	6526	N/A	78.274	336	67	2	1	330	1	336	0.0	518	vacuole membrane protein 1-like isoform X1 [Biomphalaria glabrata]
MSTRG.1001.2.p1	ref|XP_055861802.1|	6526	N/A	78.571	294	59	1	41	330	6	299	4.00e-161	460	vacuole membrane protein 1-like isoform X3 [Biomphalaria glabrata]
MSTRG.1001.2.p1	ref|XP_055861803.1|	6526	N/A	80.935	278	49	1	57	330	1	278	3.37e-156	446	vacuole membrane protein 1-like isoform X4 [Biomphalaria glabrata]
MSTRG.1001.2.p1	ref|XP_035828311.1|	6500	N/A	66.053	380	75	3	1	330	1	376	9.40e-155	446	vacuole membrane protein 1 isoform X2 [Aplysia californica]
MSTRG.1001.2.p1	ref|XP_035828310.1|	6500	N/A	65.365	384	75	4	1	330	1	380	1.61e-152	441	vacuole membrane protein 1 isoform X1 [Aplysia californica]
MSTRG.1001.2.p1	ref|XP_012943549.1|	6500	N/A	81.323	257	44	1	78	330	33	289	3.92e-131	383	vacuole membrane protein 1 isoform X3 [Aplysia californica]
MSTRG.1001.2.p1	ref|XP_025090242.1|	400727	N/A	62.461	317	98	6	18	330	15	314	8.03e-127	374	vacuole membrane protein 1-like isoform X1 [Pomacea canaliculata]
MSTRG.1001.2.p1	ref|XP_022341778.2|	6565	N/A	65.019	263	91	1	69	330	5	267	3.28e-121	357	vacuole membrane protein 1-like [Crassostrea virginica]
MSTRG.1001.2.p1	ref|XP_065935187.1|	29159	N/A	64.773	264	90	2	70	330	4	267	7.84e-121	356	vacuole membrane protein 1 [Magallana gigas]
MSTRG.1001.2.p1	ref|XP_025090243.1|	400727	N/A	68.302	265	79	4	70	330	2	265	7.90e-121	357	vacuole membrane protein 1-like isoform X2 [Pomacea canaliculata]
MSTRG.1001.2.p1	ref|XP_009046911.1|	225164	N/A	68.487	238	74	1	93	330	1	237	1.45e-113	337	hypothetical protein LOTGIDRAFT_172080 [Lottia gigantea]
MSTRG.1001.2.p1	ref|XP_021364954.1|	6573	N/A	63.197	269	91	4	68	330	8	274	1.94e-107	322	vacuole membrane protein 1-like [Mizuhopecten yessoensis]
MSTRG.1001.2.p1	ref|XP_014791133.1|	37653	N/A	54.982	271	116	2	60	330	26	290	1.05e-91	282	vacuole membrane protein 1 isoform X2 [Octopus bimaculoides]
MSTRG.1001.2.p1	ref|XP_014791132.1|	37653	N/A	54.982	271	116	2	60	330	35	299	1.28e-91	282	vacuole membrane protein 1 isoform X1 [Octopus bimaculoides]
MSTRG.1001.2.p1	ref|XP_014791134.1|	37653	N/A	54.982	271	116	2	60	330	19	283	1.39e-91	282	vacuole membrane protein 1 isoform X3 [Octopus bimaculoides]
MSTRG.10010.1.p1	ref|XP_013087958.2|	6526	N/A	60.274	219	84	3	3	220	2	218	6.48e-77	233	uncharacterized protein LOC106072171 [Biomphalaria glabrata]
MSTRG.10010.1.p1	ref|XP_005091115.1|	6500	N/A	50.885	226	104	4	1	222	1	223	5.14e-62	196	uncharacterized protein LOC101854772 isoform X3 [Aplysia californica]
MSTRG.10010.1.p1	ref|XP_005091114.1|	6500	N/A	50.885	226	104	4	1	222	7	229	5.74e-62	196	uncharacterized protein LOC101854772 isoform X1 [Aplysia californica]
MSTRG.10010.1.p1	ref|XP_005091113.2|	6500	N/A	50.000	224	108	3	1	222	7	228	1.10e-60	192	uncharacterized protein LOC101854772 isoform X2 [Aplysia californica]
MSTRG.10010.1.p1	ref|XP_021371960.1|	6573	N/A	51.200	125	53	4	10	131	8	127	1.30e-33	122	uncharacterized protein LOC110462346 [Mizuhopecten yessoensis]
MSTRG.10010.1.p1	ref|XP_009056298.1|	225164	N/A	47.328	131	58	5	11	138	39	161	6.13e-29	111	hypothetical protein LOTGIDRAFT_232831 [Lottia gigantea]
MSTRG.10010.1.p1	ref|XP_011454424.3|	29159	N/A	39.286	140	76	2	11	147	5	138	1.77e-20	87.8	uncharacterized protein [Magallana gigas]
MSTRG.10010.1.p1	ref|XP_022338398.2|	6565	N/A	39.855	138	75	2	11	147	5	135	1.15e-15	74.7	uncharacterized protein LOC111133945 [Crassostrea virginica]
MSTRG.10010.1.p1	ref|XP_025095632.1|	400727	N/A	36.076	158	71	5	51	205	1	131	4.30e-12	64.7	uncharacterized protein LOC112564777 [Pomacea canaliculata]
MSTRG.10010.1.p1	ref|XP_014769506.1|	37653;2607531	N/A;N/A	36.000	125	70	5	11	132	14	131	4.49e-12	64.3	uncharacterized protein LOC106868653 [Octopus bimaculoides]
MSTRG.10010.2.p1	ref|XP_013087958.2|	6526	N/A	60.274	219	84	3	3	220	2	218	6.48e-77	233	uncharacterized protein LOC106072171 [Biomphalaria glabrata]
MSTRG.10010.2.p1	ref|XP_005091115.1|	6500	N/A	50.885	226	104	4	1	222	1	223	5.14e-62	196	uncharacterized protein LOC101854772 isoform X3 [Aplysia californica]
MSTRG.10010.2.p1	ref|XP_005091114.1|	6500	N/A	50.885	226	104	4	1	222	7	229	5.74e-62	196	uncharacterized protein LOC101854772 isoform X1 [Aplysia californica]
MSTRG.10010.2.p1	ref|XP_005091113.2|	6500	N/A	50.000	224	108	3	1	222	7	228	1.10e-60	192	uncharacterized protein LOC101854772 isoform X2 [Aplysia californica]
MSTRG.10010.2.p1	ref|XP_021371960.1|	6573	N/A	51.200	125	53	4	10	131	8	127	1.30e-33	122	uncharacterized protein LOC110462346 [Mizuhopecten yessoensis]
MSTRG.10010.2.p1	ref|XP_009056298.1|	225164	N/A	47.328	131	58	5	11	138	39	161	6.13e-29	111	hypothetical protein LOTGIDRAFT_232831 [Lottia gigantea]
MSTRG.10010.2.p1	ref|XP_011454424.3|	29159	N/A	39.286	140	76	2	11	147	5	138	1.77e-20	87.8	uncharacterized protein [Magallana gigas]
MSTRG.10010.2.p1	ref|XP_022338398.2|	6565	N/A	39.855	138	75	2	11	147	5	135	1.15e-15	74.7	uncharacterized protein LOC111133945 [Crassostrea virginica]
MSTRG.10010.2.p1	ref|XP_025095632.1|	400727	N/A	36.076	158	71	5	51	205	1	131	4.30e-12	64.7	uncharacterized protein LOC112564777 [Pomacea canaliculata]
MSTRG.10010.2.p1	ref|XP_014769506.1|	37653;2607531	N/A;N/A	36.000	125	70	5	11	132	14	131	4.49e-12	64.3	uncharacterized protein LOC106868653 [Octopus bimaculoides]
MSTRG.10010.3.p1	ref|XP_013087958.2|	6526	N/A	60.274	219	84	3	3	220	2	218	6.48e-77	233	uncharacterized protein LOC106072171 [Biomphalaria glabrata]
MSTRG.10010.3.p1	ref|XP_005091115.1|	6500	N/A	50.885	226	104	4	1	222	1	223	5.14e-62	196	uncharacterized protein LOC101854772 isoform X3 [Aplysia californica]
MSTRG.10010.3.p1	ref|XP_005091114.1|	6500	N/A	50.885	226	104	4	1	222	7	229	5.74e-62	196	uncharacterized protein LOC101854772 isoform X1 [Aplysia californica]
MSTRG.10010.3.p1	ref|XP_005091113.2|	6500	N/A	50.000	224	108	3	1	222	7	228	1.10e-60	192	uncharacterized protein LOC101854772 isoform X2 [Aplysia californica]
MSTRG.10010.3.p1	ref|XP_021371960.1|	6573	N/A	51.200	125	53	4	10	131	8	127	1.30e-33	122	uncharacterized protein LOC110462346 [Mizuhopecten yessoensis]
MSTRG.10010.3.p1	ref|XP_009056298.1|	225164	N/A	47.328	131	58	5	11	138	39	161	6.13e-29	111	hypothetical protein LOTGIDRAFT_232831 [Lottia gigantea]
MSTRG.10010.3.p1	ref|XP_011454424.3|	29159	N/A	39.286	140	76	2	11	147	5	138	1.77e-20	87.8	uncharacterized protein [Magallana gigas]
MSTRG.10010.3.p1	ref|XP_022338398.2|	6565	N/A	39.855	138	75	2	11	147	5	135	1.15e-15	74.7	uncharacterized protein LOC111133945 [Crassostrea virginica]
MSTRG.10010.3.p1	ref|XP_025095632.1|	400727	N/A	36.076	158	71	5	51	205	1	131	4.30e-12	64.7	uncharacterized protein LOC112564777 [Pomacea canaliculata]
MSTRG.10010.3.p1	ref|XP_014769506.1|	37653;2607531	N/A;N/A	36.000	125	70	5	11	132	14	131	4.49e-12	64.3	uncharacterized protein LOC106868653 [Octopus bimaculoides]
MSTRG.10010.4.p1	ref|XP_013087958.2|	6526	N/A	60.274	219	84	3	3	220	2	218	6.48e-77	233	uncharacterized protein LOC106072171 [Biomphalaria glabrata]
MSTRG.10010.4.p1	ref|XP_005091115.1|	6500	N/A	50.885	226	104	4	1	222	1	223	5.14e-62	196	uncharacterized protein LOC101854772 isoform X3 [Aplysia californica]
MSTRG.10010.4.p1	ref|XP_005091114.1|	6500	N/A	50.885	226	104	4	1	222	7	229	5.74e-62	196	uncharacterized protein LOC101854772 isoform X1 [Aplysia californica]
MSTRG.10010.4.p1	ref|XP_005091113.2|	6500	N/A	50.000	224	108	3	1	222	7	228	1.10e-60	192	uncharacterized protein LOC101854772 isoform X2 [Aplysia californica]
MSTRG.10010.4.p1	ref|XP_021371960.1|	6573	N/A	51.200	125	53	4	10	131	8	127	1.30e-33	122	uncharacterized protein LOC110462346 [Mizuhopecten yessoensis]
MSTRG.10010.4.p1	ref|XP_009056298.1|	225164	N/A	47.328	131	58	5	11	138	39	161	6.13e-29	111	hypothetical protein LOTGIDRAFT_232831 [Lottia gigantea]
MSTRG.10010.4.p1	ref|XP_011454424.3|	29159	N/A	39.286	140	76	2	11	147	5	138	1.77e-20	87.8	uncharacterized protein [Magallana gigas]
MSTRG.10010.4.p1	ref|XP_022338398.2|	6565	N/A	39.855	138	75	2	11	147	5	135	1.15e-15	74.7	uncharacterized protein LOC111133945 [Crassostrea virginica]
MSTRG.10010.4.p1	ref|XP_025095632.1|	400727	N/A	36.076	158	71	5	51	205	1	131	4.30e-12	64.7	uncharacterized protein LOC112564777 [Pomacea canaliculata]
MSTRG.10010.4.p1	ref|XP_014769506.1|	37653;2607531	N/A;N/A	36.000	125	70	5	11	132	14	131	4.49e-12	64.3	uncharacterized protein LOC106868653 [Octopus bimaculoides]
MSTRG.10011.1.p1	ref|XP_055894418.1|	6526	N/A	56.329	158	68	1	163	320	42	198	1.20e-60	197	protein FRG1-like [Biomphalaria glabrata]
MSTRG.10011.1.p1	ref|XP_025088464.1|	400727	N/A	54.194	155	70	1	166	320	47	200	6.69e-53	177	protein FRG1-like [Pomacea canaliculata]
MSTRG.10011.1.p1	ref|XP_005091186.1|	6500	N/A	49.693	163	81	1	158	320	35	196	2.26e-49	168	protein FRG1 [Aplysia californica]
MSTRG.10011.1.p1	ref|XP_009055302.1|	225164	N/A	45.033	151	82	1	170	320	17	166	2.62e-40	144	hypothetical protein LOTGIDRAFT_104723 [Lottia gigantea]
MSTRG.10011.1.p1	ref|XP_021379126.1|	6573	N/A	43.151	146	82	1	165	310	43	187	2.31e-37	137	protein FRG1-like [Mizuhopecten yessoensis]
MSTRG.10011.1.p1	ref|XP_022320841.1|	6565	N/A	42.384	151	86	1	162	312	44	193	5.77e-35	130	protein FRG1-like [Crassostrea virginica]
MSTRG.10011.1.p1	ref|XP_011442674.2|	29159	N/A	43.662	142	79	1	173	314	52	192	7.61e-34	127	protein FRG1 homolog [Magallana gigas]
MSTRG.10011.1.p1	ref|XP_014774368.1|	37653	N/A	39.024	164	99	1	155	318	27	189	2.83e-33	126	protein FRG1 [Octopus bimaculoides]
MSTRG.10011.2.p1	ref|XP_055894418.1|	6526	N/A	56.329	158	68	1	233	390	42	198	1.04e-59	197	protein FRG1-like [Biomphalaria glabrata]
MSTRG.10011.2.p1	ref|XP_025088464.1|	400727	N/A	54.194	155	70	1	236	390	47	200	4.88e-52	177	protein FRG1-like [Pomacea canaliculata]
MSTRG.10011.2.p1	ref|XP_005091186.1|	6500	N/A	49.693	163	81	1	228	390	35	196	1.83e-48	167	protein FRG1 [Aplysia californica]
MSTRG.10011.2.p1	ref|XP_009055302.1|	225164	N/A	45.033	151	82	1	240	390	17	166	1.33e-39	144	hypothetical protein LOTGIDRAFT_104723 [Lottia gigantea]
MSTRG.10011.2.p1	ref|XP_021379126.1|	6573	N/A	43.151	146	82	1	235	380	43	187	7.91e-37	137	protein FRG1-like [Mizuhopecten yessoensis]
MSTRG.10011.2.p1	ref|XP_022320841.1|	6565	N/A	42.384	151	86	1	232	382	44	193	1.68e-34	131	protein FRG1-like [Crassostrea virginica]
MSTRG.10011.2.p1	ref|XP_011442674.2|	29159	N/A	43.662	142	79	1	243	384	52	192	1.89e-33	128	protein FRG1 homolog [Magallana gigas]
MSTRG.10011.2.p1	ref|XP_014774368.1|	37653	N/A	40.127	157	93	1	225	381	27	182	1.22e-32	126	protein FRG1 [Octopus bimaculoides]
MSTRG.10011.3.p1	ref|XP_055894418.1|	6526	N/A	56.329	158	68	1	163	320	42	198	1.20e-60	197	protein FRG1-like [Biomphalaria glabrata]
MSTRG.10011.3.p1	ref|XP_025088464.1|	400727	N/A	54.194	155	70	1	166	320	47	200	6.69e-53	177	protein FRG1-like [Pomacea canaliculata]
MSTRG.10011.3.p1	ref|XP_005091186.1|	6500	N/A	49.693	163	81	1	158	320	35	196	2.26e-49	168	protein FRG1 [Aplysia californica]
MSTRG.10011.3.p1	ref|XP_009055302.1|	225164	N/A	45.033	151	82	1	170	320	17	166	2.62e-40	144	hypothetical protein LOTGIDRAFT_104723 [Lottia gigantea]
MSTRG.10011.3.p1	ref|XP_021379126.1|	6573	N/A	43.151	146	82	1	165	310	43	187	2.31e-37	137	protein FRG1-like [Mizuhopecten yessoensis]
MSTRG.10011.3.p1	ref|XP_022320841.1|	6565	N/A	42.384	151	86	1	162	312	44	193	5.77e-35	130	protein FRG1-like [Crassostrea virginica]
MSTRG.10011.3.p1	ref|XP_011442674.2|	29159	N/A	43.662	142	79	1	173	314	52	192	7.61e-34	127	protein FRG1 homolog [Magallana gigas]
MSTRG.10011.3.p1	ref|XP_014774368.1|	37653	N/A	39.024	164	99	1	155	318	27	189	2.83e-33	126	protein FRG1 [Octopus bimaculoides]
MSTRG.10012.2.p1	ref|XP_012937309.1|	6500	N/A	66.154	130	44	0	1	130	159	288	1.88e-55	189	ubiquitin carboxyl-terminal hydrolase 8 [Aplysia californica]
MSTRG.10012.2.p1	ref|XP_055867248.1|	6526	N/A	68.852	122	38	0	9	130	159	280	3.50e-52	179	ubiquitin carboxyl-terminal hydrolase 8-like isoform X3 [Biomphalaria glabrata]
MSTRG.10012.2.p1	ref|XP_055867239.1|	6526	N/A	65.385	130	45	0	1	130	151	280	4.15e-51	176	ubiquitin carboxyl-terminal hydrolase 8-like isoform X2 [Biomphalaria glabrata]
MSTRG.10012.2.p1	ref|XP_055867216.1|	6526	N/A	65.385	130	45	0	1	130	151	280	4.15e-51	176	ubiquitin carboxyl-terminal hydrolase 8-like isoform X1 [Biomphalaria glabrata]
MSTRG.10012.2.p1	ref|XP_025080633.1|	400727	N/A	55.556	117	52	0	14	130	176	292	2.65e-41	148	ubiquitin carboxyl-terminal hydrolase 8-like [Pomacea canaliculata]
MSTRG.10012.2.p1	ref|XP_021379461.1|	6573	N/A	52.713	129	61	0	2	130	170	298	8.79e-41	147	ubiquitin carboxyl-terminal hydrolase 8-like isoform X2 [Mizuhopecten yessoensis]
MSTRG.10012.2.p1	ref|XP_021379459.1|	6573	N/A	52.713	129	61	0	2	130	170	298	9.34e-41	146	ubiquitin carboxyl-terminal hydrolase 8-like isoform X1 [Mizuhopecten yessoensis]
MSTRG.10012.2.p1	ref|XP_022306135.2|	6565	N/A	52.672	131	61	1	1	130	155	285	4.65e-38	139	ubiquitin carboxyl-terminal hydrolase 8-like isoform X2 [Crassostrea virginica]
MSTRG.10012.2.p1	ref|XP_022306132.2|	6565	N/A	52.713	129	60	1	3	130	158	286	2.17e-37	137	ubiquitin carboxyl-terminal hydrolase 8-like isoform X1 [Crassostrea virginica]
MSTRG.10012.2.p1	ref|XP_014776101.1|	37653	N/A	48.462	130	67	0	1	130	160	289	2.11e-36	134	ubiquitin carboxyl-terminal hydrolase 8 [Octopus bimaculoides]
MSTRG.10012.2.p1	ref|XP_034321814.2|	29159	N/A	53.077	130	60	1	1	130	156	284	1.62e-35	132	ubiquitin carboxyl-terminal hydrolase 8 [Magallana gigas]
MSTRG.10012.2.p1	ref|XP_009054330.1|	225164	N/A	51.240	121	59	0	10	130	170	290	8.54e-29	112	hypothetical protein LOTGIDRAFT_215305 [Lottia gigantea]
MSTRG.10016.1.p1	ref|XP_055867640.1|	6526	N/A	29.665	627	346	16	1	574	1	585	1.08e-69	241	uncharacterized protein LOC106051697 [Biomphalaria glabrata]
MSTRG.10016.1.p1	ref|XP_055868518.1|	6526	N/A	29.116	656	382	21	1	626	1	603	1.66e-67	234	kelch-like protein diablo [Biomphalaria glabrata]
MSTRG.10016.1.p1	ref|XP_055869039.1|	6526	N/A	29.506	627	349	17	1	574	1	587	1.38e-66	233	kelch-like protein 41 [Biomphalaria glabrata]
MSTRG.10016.1.p1	ref|XP_013081421.2|	6526	N/A	29.201	613	336	15	1	574	1	554	3.71e-65	228	kelch-like protein 28 [Biomphalaria glabrata]
MSTRG.10016.1.p1	ref|XP_055869194.1|	6526	N/A	29.268	574	336	11	1	547	1	531	6.48e-65	227	kelch-like protein 40 [Biomphalaria glabrata]
MSTRG.10016.1.p1	ref|XP_013063881.2|	6526	N/A	28.920	574	335	14	1	548	1	527	1.49e-64	226	kelch-like protein 12 [Biomphalaria glabrata]
MSTRG.10016.1.p1	ref|XP_055897998.1|	6526	N/A	27.743	638	381	13	11	626	16	595	3.22e-64	225	kelch-like protein 8 [Biomphalaria glabrata]
MSTRG.10016.1.p1	ref|XP_055868955.1|	6526	N/A	30.496	564	336	12	1	547	1	525	7.59e-63	220	kelch-like protein 10 isoform X2 [Biomphalaria glabrata]
MSTRG.10016.1.p1	ref|XP_055869024.1|	6526	N/A	28.407	609	364	12	7	584	7	574	1.28e-61	226	uncharacterized protein LOC106073212 [Biomphalaria glabrata]
MSTRG.10016.1.p1	ref|XP_055869024.1|	6526	N/A	27.933	537	313	14	24	547	651	1126	3.09e-50	192	uncharacterized protein LOC106073212 [Biomphalaria glabrata]
MSTRG.10016.1.p1	ref|XP_013060891.2|	6526	N/A	25.891	645	387	15	6	624	11	590	1.06e-56	204	uncharacterized protein LOC106050466 [Biomphalaria glabrata]
MSTRG.10016.1.p1	ref|XP_013060868.2|	6526	N/A	28.336	607	369	11	7	596	12	569	1.40e-56	204	uncharacterized protein LOC106050449 [Biomphalaria glabrata]
MSTRG.10016.1.p1	ref|XP_055868446.1|	6526	N/A	26.030	607	374	15	24	617	35	579	4.43e-53	194	uncharacterized protein LOC129923099 [Biomphalaria glabrata]
MSTRG.10016.1.p1	ref|XP_013060880.2|	6526	N/A	26.646	638	394	17	7	626	39	620	2.43e-51	190	uncharacterized protein LOC106050453 [Biomphalaria glabrata]
MSTRG.10016.1.p1	ref|XP_013060882.2|	6526	N/A	26.868	629	363	13	7	582	12	596	1.05e-49	186	uncharacterized protein LOC106050455 [Biomphalaria glabrata]
MSTRG.10016.1.p1	ref|XP_055898400.1|	6526	N/A	27.031	640	398	16	2	624	6	593	4.81e-49	183	uncharacterized protein LOC106050452 [Biomphalaria glabrata]
MSTRG.10016.1.p1	ref|XP_013067307.2|	6526	N/A	28.401	588	335	17	1	547	1	543	2.41e-47	179	uncharacterized protein LOC106055556 [Biomphalaria glabrata]
MSTRG.10016.1.p1	ref|XP_013060866.2|	6526	N/A	24.651	645	406	18	3	624	8	595	6.96e-47	177	uncharacterized protein LOC106050448 [Biomphalaria glabrata]
MSTRG.10016.1.p1	ref|XP_055896497.1|	6526	N/A	25.407	614	371	11	7	582	12	576	1.22e-46	177	kelch-like protein 41b [Biomphalaria glabrata]
MSTRG.10016.1.p1	ref|XP_055901435.1|	6526	N/A	27.881	538	332	11	22	547	31	524	2.59e-45	173	kelch-like protein 7 [Biomphalaria glabrata]
MSTRG.10016.1.p1	ref|XP_013060885.2|	6526	N/A	25.189	663	401	17	7	626	12	622	2.97e-45	173	uncharacterized protein LOC106050460 [Biomphalaria glabrata]
MSTRG.10018.1.p1	ref|XP_055868955.1|	6526	N/A	30.889	450	251	9	1	436	1	404	1.29e-54	193	kelch-like protein 10 isoform X2 [Biomphalaria glabrata]
MSTRG.10018.1.p1	ref|XP_055868737.1|	6526	N/A	34.737	380	195	8	1	370	1	337	8.45e-54	193	uncharacterized protein LOC106060802 [Biomphalaria glabrata]
MSTRG.10018.1.p1	ref|XP_055869194.1|	6526	N/A	31.042	451	249	12	1	436	1	404	1.51e-52	189	kelch-like protein 40 [Biomphalaria glabrata]
MSTRG.10018.1.p1	ref|XP_013093287.2|	6526	N/A	34.054	370	196	8	1	369	1	323	8.74e-52	186	uncharacterized protein LOC106077046 [Biomphalaria glabrata]
MSTRG.10018.1.p1	ref|XP_013082592.2|	6526	N/A	31.678	423	246	7	1	419	1	384	1.48e-51	187	kelch-like protein 9 isoform X1 [Biomphalaria glabrata]
MSTRG.10018.1.p1	ref|XP_013081421.2|	6526	N/A	31.544	447	249	11	1	436	1	401	2.63e-51	185	kelch-like protein 28 [Biomphalaria glabrata]
MSTRG.10018.1.p1	ref|XP_055869039.1|	6526	N/A	30.000	440	254	9	1	419	1	407	3.95e-51	185	kelch-like protein 41 [Biomphalaria glabrata]
MSTRG.10018.1.p1	ref|XP_013063881.2|	6526	N/A	33.243	370	202	7	1	369	1	326	1.12e-50	184	kelch-like protein 12 [Biomphalaria glabrata]
MSTRG.10018.1.p1	ref|XP_055867640.1|	6526	N/A	30.345	435	251	8	1	416	1	402	1.96e-50	183	uncharacterized protein LOC106051697 [Biomphalaria glabrata]
MSTRG.10018.1.p1	ref|XP_055868518.1|	6526	N/A	31.126	453	250	11	1	439	1	405	8.40e-49	178	kelch-like protein diablo [Biomphalaria glabrata]
MSTRG.10018.1.p1	ref|XP_055869257.1|	6526	N/A	32.632	380	206	9	6	380	6	340	2.25e-48	177	uncharacterized protein LOC106066870 [Biomphalaria glabrata]
MSTRG.10018.1.p1	ref|XP_055868652.1|	6526	N/A	31.980	394	204	11	1	369	1	355	3.84e-48	177	uncharacterized protein LOC106060986 [Biomphalaria glabrata]
MSTRG.10018.1.p1	ref|XP_013060891.2|	6526	N/A	30.556	432	247	9	6	432	11	394	5.44e-44	165	uncharacterized protein LOC106050466 [Biomphalaria glabrata]
MSTRG.10018.1.p1	ref|XP_013060868.2|	6526	N/A	29.224	438	259	11	7	440	12	402	3.97e-43	163	uncharacterized protein LOC106050449 [Biomphalaria glabrata]
MSTRG.10018.1.p1	ref|XP_013060882.2|	6526	N/A	28.710	411	223	8	7	382	12	387	9.93e-42	159	uncharacterized protein LOC106050455 [Biomphalaria glabrata]
MSTRG.10018.1.p1	ref|XP_013060866.2|	6526	N/A	29.474	380	227	10	3	382	8	346	2.17e-41	158	uncharacterized protein LOC106050448 [Biomphalaria glabrata]
MSTRG.10018.1.p1	ref|XP_013067307.2|	6526	N/A	28.696	460	237	14	1	431	1	398	4.75e-41	157	uncharacterized protein LOC106055556 [Biomphalaria glabrata]
MSTRG.10018.1.p1	ref|XP_013060881.2|	6526	N/A	31.538	390	209	12	2	380	7	349	5.17e-41	157	uncharacterized protein LOC106050463 isoform X2 [Biomphalaria glabrata]
MSTRG.10018.1.p1	ref|XP_055897998.1|	6526	N/A	31.183	372	196	6	11	372	16	337	5.77e-41	157	kelch-like protein 8 [Biomphalaria glabrata]
MSTRG.10018.1.p1	ref|XP_055896497.1|	6526	N/A	29.540	457	256	12	10	438	15	433	1.09e-40	156	kelch-like protein 41b [Biomphalaria glabrata]
MSTRG.10019.1.p1	ref|XP_055869194.1|	6526	N/A	29.784	601	356	13	1	569	49	615	5.97e-62	218	kelch-like protein 40 [Biomphalaria glabrata]
MSTRG.10019.1.p1	ref|XP_055869024.1|	6526	N/A	28.393	560	331	10	1	526	49	572	3.72e-61	223	uncharacterized protein LOC106073212 [Biomphalaria glabrata]
MSTRG.10019.1.p1	ref|XP_055868652.1|	6526	N/A	30.128	624	343	16	1	568	49	635	5.36e-59	210	uncharacterized protein LOC106060986 [Biomphalaria glabrata]
MSTRG.10019.1.p1	ref|XP_055869039.1|	6526	N/A	27.273	627	361	11	1	566	49	641	8.37e-57	204	kelch-like protein 41 [Biomphalaria glabrata]
MSTRG.10019.1.p1	ref|XP_013081421.2|	6526	N/A	28.571	602	352	16	1	566	49	608	3.37e-56	202	kelch-like protein 28 [Biomphalaria glabrata]
MSTRG.10019.1.p1	ref|XP_055868518.1|	6526	N/A	28.524	603	354	15	1	571	49	606	5.63e-56	201	kelch-like protein diablo [Biomphalaria glabrata]
MSTRG.10019.1.p1	ref|XP_013093287.2|	6526	N/A	29.636	604	336	17	1	565	49	602	1.71e-54	197	uncharacterized protein LOC106077046 [Biomphalaria glabrata]
MSTRG.10019.1.p1	ref|XP_055869257.1|	6526	N/A	27.715	617	348	19	1	569	49	615	1.20e-53	195	uncharacterized protein LOC106066870 [Biomphalaria glabrata]
MSTRG.10019.1.p1	ref|XP_013063881.2|	6526	N/A	27.961	608	356	14	1	571	49	611	2.10e-53	194	kelch-like protein 12 [Biomphalaria glabrata]
MSTRG.10019.1.p1	ref|XP_055868955.1|	6526	N/A	29.057	530	318	10	1	508	49	542	3.03e-53	192	kelch-like protein 10 isoform X2 [Biomphalaria glabrata]
MSTRG.10019.1.p1	ref|XP_055897998.1|	6526	N/A	28.088	591	353	13	1	568	54	595	5.25e-53	193	kelch-like protein 8 [Biomphalaria glabrata]
MSTRG.10019.1.p1	ref|XP_055867640.1|	6526	N/A	26.045	622	365	13	1	562	49	635	7.58e-50	185	uncharacterized protein LOC106051697 [Biomphalaria glabrata]
MSTRG.10019.1.p1	ref|XP_055869162.1|	6526	N/A	27.806	597	345	16	10	569	1	548	4.27e-49	181	uncharacterized protein LOC106061003 [Biomphalaria glabrata]
MSTRG.10019.1.p1	ref|XP_013060891.2|	6526	N/A	25.812	585	371	12	1	568	54	592	3.51e-46	174	uncharacterized protein LOC106050466 [Biomphalaria glabrata]
MSTRG.10019.1.p1	ref|XP_013060868.2|	6526	N/A	26.621	586	367	10	1	568	54	594	1.44e-45	172	uncharacterized protein LOC106050449 [Biomphalaria glabrata]
MSTRG.10019.1.p1	ref|XP_055898400.1|	6526	N/A	25.342	584	375	9	1	566	53	593	2.27e-43	166	uncharacterized protein LOC106050452 [Biomphalaria glabrata]
MSTRG.10019.1.p1	ref|XP_013060865.2|	6526	N/A	24.958	601	349	13	1	548	54	605	3.72e-43	166	uncharacterized protein LOC106050447 [Biomphalaria glabrata]
MSTRG.10019.1.p1	ref|XP_055868519.1|	6526	N/A	25.753	598	349	16	10	566	1	544	4.35e-43	165	uncharacterized protein LOC106061004 [Biomphalaria glabrata]
MSTRG.10019.1.p1	ref|XP_013060866.2|	6526	N/A	24.126	601	366	11	1	568	54	597	2.00e-41	161	uncharacterized protein LOC106050448 [Biomphalaria glabrata]
MSTRG.10019.1.p1	ref|XP_013083131.2|	6526	N/A	27.953	508	326	12	65	559	24	504	1.30e-40	157	uncharacterized protein LOC106068331 isoform X2 [Biomphalaria glabrata]
MSTRG.10023.1.p1	ref|XP_035826576.1|	6500	N/A	74.843	159	40	0	5	163	2	160	2.41e-85	270	nucleolar protein of 40 kDa [Aplysia californica]
MSTRG.10023.1.p1	ref|XP_009062407.1|	225164	N/A	63.758	149	52	1	13	161	25	171	1.36e-61	205	hypothetical protein LOTGIDRAFT_128093 [Lottia gigantea]
MSTRG.10023.1.p1	ref|XP_021350302.1|	6573	N/A	60.390	154	59	1	7	160	21	172	2.21e-60	202	nucleolar protein of 40 kDa-like [Mizuhopecten yessoensis]
MSTRG.10023.1.p1	ref|XP_011420644.3|	29159	N/A	59.740	154	60	1	8	161	22	173	6.57e-57	193	zinc finger CCHC domain-containing protein 17 [Magallana gigas]
MSTRG.10023.1.p1	ref|XP_078334593.1|	6565	N/A	60.959	146	55	1	8	153	21	164	5.79e-54	186	zinc finger CCHC domain-containing protein 17-like [Crassostrea virginica]
MSTRG.10023.1.p1	ref|XP_014772935.1|	37653	N/A	55.000	160	70	2	13	172	28	185	4.87e-52	181	zinc finger CCHC domain-containing protein 17 [Octopus bimaculoides]
MSTRG.10023.2.p1	ref|XP_035826576.1|	6500	N/A	77.391	115	26	0	1	115	46	160	9.31e-60	202	nucleolar protein of 40 kDa [Aplysia californica]
MSTRG.10023.2.p1	ref|XP_009062407.1|	225164	N/A	61.947	113	41	1	1	113	61	171	2.21e-42	153	hypothetical protein LOTGIDRAFT_128093 [Lottia gigantea]
MSTRG.10023.2.p1	ref|XP_021350302.1|	6573	N/A	60.714	112	42	1	1	112	63	172	1.13e-38	144	nucleolar protein of 40 kDa-like [Mizuhopecten yessoensis]
MSTRG.10023.2.p1	ref|XP_011420644.3|	29159	N/A	56.637	113	47	1	1	113	63	173	3.96e-34	132	zinc finger CCHC domain-containing protein 17 [Magallana gigas]
MSTRG.10023.2.p1	ref|XP_078334593.1|	6565	N/A	60.000	105	40	1	1	105	62	164	3.13e-33	129	zinc finger CCHC domain-containing protein 17-like [Crassostrea virginica]
MSTRG.10023.2.p1	ref|XP_014772935.1|	37653	N/A	50.806	124	59	2	1	124	64	185	8.51e-33	128	zinc finger CCHC domain-containing protein 17 [Octopus bimaculoides]
